id,dataset_id,attribute_id,value,units_id,image_id,until_date
307,305,455,circadian clock,,,
308,305,455,ecological memory,,,
309,305,455,net ecosystem exchange,,,
310,305,455,scaling,,,
311,305,455,stomatal conductance and models,,,
312,305,455,photosynthesis,,,
313,305,455,transpiration,,,
771,429,455,Psoriasis,,,
772,429,455,Lipidomics,,,
773,429,455,Glycerophospholipid,,,
774,429,455,Metabolomics,,,
775,429,455,MS/MS,,,
847,441,497,"",,,
1018,441,497,"",,,
1019,441,455,lake eutrophication,,,
1020,441,455,nutrients,,,
1021,441,455,water quality,,,
1022,441,455,lake trophic state,,,
1023,441,455,ecological context,,,
1024,441,455,lagos-ne,,,
1025,441,455,open science,,,
1026,441,455,lake database,,,
1027,441,497,"",,,
3660,617,497,"",,,
3677,617,497,"",,,
3686,617,497,"",,,
4035,617,497,"",,,
4205,617,497,"",,,
4206,617,455,galaxy,,,
4207,617,455,scratch assay,,,
4208,617,455,high-throughput,,,
4209,617,455,cell migration,,,
4210,617,455,re-epithelialization,,,
4211,617,455,image analysis,,,
4212,617,455,workflow,,,
4213,617,455,modelling,,,
4214,617,497,"",,,
4354,640,497,"",,,
4383,640,497,"",,,
4386,640,497,"",,,
4387,640,455,gene ontology,,,
4388,640,455,annotation,,,
4389,640,497,"",,,
4568,649,497,"",,,
4569,649,497,"",,,
4570,649,497,"",,,
4571,649,497,"",,,
4572,649,497,"",,,
4573,649,497,"",,,
4686,649,497,"",,,
4687,649,497,"",,,
4769,649,497,"",,,
4770,649,497,"",,,
6017,1790,497,"",,,
6047,1790,497,"",,,
6142,1790,497,"",,,
6143,1790,455,amplicon sequencing,,,
6144,1790,455,nanopore sequencing,,,
6145,1790,455,de novo analyses,,,
6146,1790,455,sequencing accuracy,,,
6147,1790,497,"",,,
6345,1795,497,"",,,
6369,1795,497,"",,,
6673,1795,497,"",,,
6711,1795,497,"",,,
6722,1795,497,"",,,
6733,1795,497,"",,,
6770,1795,497,"",,,
6781,1795,497,"",,,
6792,1795,497,"",,,
6793,1795,455,metabolomics,,,
6794,1795,455,data analysis,,,
6795,1795,455,e-infrastructures,,,
6796,1795,455,nmr,,,
6797,1795,455,mass spectrometry,,,
6798,1795,455,computational workflows,,,
6799,1795,455,galaxy,,,
6800,1795,455,cloud computing,,,
6801,1795,455,standardization,,,
6802,1795,455,statistics,,,
6803,1795,497,"",,,
6959,1804,497,"",,,
7009,1804,497,"",,,
7196,1817,497,"",,,
7209,1817,497,"",,,
7277,1804,497,"",,,
7464,1817,497,"",,,
7551,1804,497,"",,,
7559,1804,497,"",,,
7596,1804,497,"",,,
7776,1817,497,"",,,
7784,1817,497,"",,,
7842,1817,455,signalling networks,,,
7843,1817,455,gene networks,,,
7844,1817,455,molecular pathways,,,
7845,1817,455,genotype to phenotype,,,
7846,1817,455,agent-based modelling,,,
7847,1817,455,microenvironment,,,
7848,1817,455,executable biology,,,
7849,1817,497,"",,,
7979,1804,497,"",,,
7980,1804,455,eeg datasets,,,
7981,1804,455,brain-computer interface,,,
7982,1804,455,event-related potential,,,
7983,1804,455,steady-state visually evoked potential,,,
7984,1804,455,motor-imagery,,,
7985,1804,455,openbmi toolbox,,,
7986,1804,455,bci illiteracy,,,
7987,1804,497,"",,,
8034,1838,497,"",,,
8062,1838,497,"",,,
8105,1838,497,"",,,
8119,1838,497,"",,,
8201,1838,497,"",,,
8202,1838,455,conserved subnetwork,,,
8203,1838,455,alterations,,,
8204,1838,455,cancer,,,
8205,1838,455,combinatorial optimization,,,
8206,1838,497,"",,,
8220,1848,497,"",,,
8264,1850,497,"",,,
8278,1850,497,"",,,
8343,1850,497,"",,,
8359,1848,497,"",,,
8408,1848,497,"",,,
8409,1848,455,leeches,,,
8410,1848,455,metabarcoding,,,
8411,1848,455,idna,,,
8412,1848,455,edna,,,
8413,1848,497,"",,,
8578,1850,497,"",,,
8586,1850,497,"",,,
8587,1850,455,ribosomal,,,
8588,1850,455,eukaryotes,,,
8589,1850,455,long dna barcodes,,,
8590,1850,455,oxford nanopore technologies,,,
8591,1850,455,minion,,,
8592,1850,455,metabarcoding,,,
8593,1850,455,biodiversity,,,
8594,1850,497,"",,,
9081,1872,497,"",,,
9095,1872,497,"",,,
9126,1872,497,"",,,
9179,1872,497,"",,,
9198,1872,455,genomic variations,,,
9199,1872,455,vcf,,,
9200,1872,455,hapmap,,,
9201,1872,455,plink,,,
9202,1872,455,nosql,,,
9203,1872,455,mongodb,,,
9204,1872,455,snp,,,
9205,1872,455,indel,,,
9206,1872,455,web,,,
9207,1872,455,interoperability,,,
9208,1872,455,rest,,,
9209,1872,455,brapi,,,
9210,1872,455,ga4gh,,,
9211,1872,497,"",,,
9361,1884,497,"",,,
9391,1884,497,"",,,
9492,1884,455,alzheimer's disease,,,
9493,1884,455,mild cognitive impairment,,,
9494,1884,455,machine learning,,,
9495,1884,455,neuroimaging,,,
9496,1884,455,cognition,,,
9497,1884,497,"",,,
9636,1887,497,"",,,
9722,1887,497,"",,,
9733,1887,497,"",,,
9830,1887,455,lion-term enrichment analysis,,,
9831,1887,455,membrane biology,,,
9832,1887,455,web-tool,,,
9833,1887,455,data analysis,,,
9834,1887,455,lion/web,,,
9835,1887,455,lipidomics,,,
9836,1887,455,lipids,,,
9837,1887,455,membrane biology,,,
9838,1887,455,lipid ontology,,,
9839,1887,455,lion,,,
9840,1887,497,"",,,
10648,1917,497,"",,,
10744,1917,497,"",,,
10850,1917,455,common workflow language,,,
10851,1917,455,workflow manager,,,
10852,1917,455,pipeline manager,,,
10853,1917,455,airflow,,,
10854,1917,455,reproducible data analysis,,,
10855,1917,455,workflow portability,,,
10856,1917,497,"",,,
11477,1933,497,"",,,
11493,1933,497,"",,,
11708,1933,497,"",,,
11719,1933,497,"",,,
11730,1933,497,"",,,
11731,1933,455,oryza sativa,,,
11732,1933,455,combined stress,,,
11733,1933,455,drought stress,,,
11734,1933,455,flowering,,,
11735,1933,455,grain filling,,,
11736,1933,455,heat stress,,,
11737,1933,455,marker metabolites,,,
11738,1933,455,metabolomics,,,
11739,1933,455,recovery,,,
11740,1933,455,rice,,,
11741,1933,497,"",,,
12097,373,455,lipidomics,,,
12098,373,455,type 2 diabetes,,,
12099,373,455,prediabetes,,,
12100,373,455,plasma,,,
12101,373,497,"",,,
12117,304,455,zika virus,,,
12118,304,455,epidemic,,,
12119,304,455,timescales,,,
12120,304,455,climate change,,,
12121,304,455,inter-annual,,,
12122,304,455,el ni√±o,,,
12123,304,455,drought,,,
12124,304,455,vector control,,,
12125,304,497,"",,,
12127,369,455,motor imagery,,,
12128,369,455,eeg,,,
12129,369,455,brain computer interface,,,
12130,369,455,performance variation,,,
12131,369,455,subject-to-subject transfer,,,
12132,369,497,"",,,
13789,1976,497,"",,,
13837,1981,497,"",,,
13896,1981,497,"",,,
13910,1980,497,"",,,
13918,1980,497,"",,,
13926,1980,497,"",,,
13931,1976,497,"",,,
13936,1976,497,"",,,
13947,1981,497,"",,,
13955,1980,497,"",,,
13956,1980,455,steady-state visual-evoked potential,,,
13957,1980,455,ssvep,,,
13958,1980,455,brain-computer interface,,,
13959,1980,455,bci,,,
13960,1980,455,electroencephalography,,,
13961,1980,455,eeg,,,
13962,1980,455,physiological data,,,
13963,1980,497,"",,,
13991,1981,497,"",,,
13992,1981,455,16s rrna gene amplicons,,,
13993,1981,455,bioinformatics,,,
13994,1981,455,pipeline,,,
13995,1981,455,workflow,,,
13996,1981,455,metagenomics,,,
13997,1981,497,"",,,
14032,1976,497,"",,,
14058,1976,497,"",,,
14063,1976,497,"",,,
14086,1976,497,"",,,
14087,1976,455,network,,,
14088,1976,455,metabolism,,,
14089,1976,455,metabolite,,,
14090,1976,455,metabolomic,,,
14091,1976,497,"",,,
14144,1984,497,"",,,
14215,1984,497,"",,,
14216,1984,455,mass spectrometry imaging,,,
14217,1984,455,maldi imaging,,,
14218,1984,455,spatially resolved mass spectrometry,,,
14219,1984,455,proteomics,,,
14220,1984,455,metabolomics,,,
14221,1984,455,galaxy,,,
14222,1984,455,computational workflows,,,
14223,1984,455,reproducibility,,,
14224,1984,497,"",,,
14318,1991,497,"",,,
14324,1991,497,"",,,
14330,1991,497,"",,,
14336,1991,497,"",,,
14337,1991,455,fair data,,,
14338,1991,455,brassica rapa,,,
14339,1991,455,h3k27me3,,,
14340,1991,455,rna-seq,,,
14341,1991,455,chip-seq,,,
14342,1991,497,"",,,
14480,1996,497,"",,,
14494,1999,497,"",,,
14674,2005,497,"",,,
14705,2005,497,"",,,
14710,1999,497,"",,,
14715,1999,497,"",,,
14717,2004,497,"",,,
14719,2004,497,"",,,
14721,2004,497,"",,,
14723,2004,497,"",,,
14725,2004,497,"",,,
14727,2004,497,"",,,
14739,2007,497,"",,,
14745,2007,497,"",,,
14749,1996,497,"",,,
14755,2007,497,"",,,
14795,2005,497,"",,,
14796,2005,455,corytholoma,,,
14797,2005,455,corolla shape variations,,,
14798,2005,455,evolutionary allometry,,,
14799,2005,455,geometric morphometrics,,,
14800,2005,455,generalized procrustes analysis,,,
14801,2005,455,ligeriinae,,,
14802,2005,455,x-ray micro-computed tomography,,,
14803,2005,497,"",,,
14809,2007,497,"",,,
14810,2007,455,genome alignment,,,
14811,2007,455,comparative gene annotation,,,
14812,2007,455,ultraconserved elements,,,
14813,2007,455,enhancers,,,
14814,2007,455,mammals,,,
14815,2007,497,"",,,
14863,1996,497,"",,,
14868,1999,497,"",,,
14869,1999,455,bovine genome,,,
14870,1999,455,reference assembly,,,
14871,1999,455,cattle,,,
14872,1999,455,hereford,,,
14873,1999,497,"",,,
14888,1996,497,"",,,
14926,2004,497,"",,,
14939,1996,497,"",,,
14943,1996,497,"",,,
14970,2018,497,"",,,
14974,2018,497,"",,,
15000,2004,497,"",,,
15002,2004,497,"",,,
15009,2021,497,"",,,
15016,2021,497,"",,,
15128,2021,497,"",,,
15148,2024,497,"",,,
15224,2024,497,"",,,
15228,2004,497,"",,,
15230,2004,497,"",,,
15253,2018,497,"",,,
15254,2018,455,bacterial snp calling,,,
15255,2018,455,pipelines,,,
15256,2018,455,evaluation,,,
15257,2018,497,"",,,
15290,2024,455,gc-bias,,,
15291,2024,455,high-throughput sequencing,,,
15292,2024,455,metagenomics,,,
15293,2024,455,illumina,,,
15294,2024,455,oxford nanopore,,,
15295,2024,455,pacbio,,,
15296,2024,497,"",,,
15312,2004,497,"",,,
15318,2027,497,"",,,
15320,2004,497,"",,,
15321,2004,455,sparql,,,
15322,2004,497,"",,,
15323,1996,455,cephalopod,,,
15324,1996,455,invertebrate,,,
15325,1996,455,genome assembly,,,
15326,1996,497,"",,,
15341,2029,497,"",,,
15346,2028,497,"",,,
15376,2031,497,"",,,
15432,2027,497,"",,,
15438,2027,497,"",,,
15451,2032,497,"",,,
15457,2027,497,"",,,
15458,2027,455,color perception,,,
15459,2027,455,odor perception,,,
15460,2027,455,random forest,,,
15461,2027,455,deep belief network,,,
15462,2027,455,physicochemical features,,,
15463,2027,497,"",,,
15470,2021,497,"",,,
15471,2021,455,genome assembly,,,
15472,2021,455,pacbio long reads,,,
15473,2021,455,hawkmoth,,,
15474,2021,455,silk moth,,,
15475,2021,455,genome comparison,,,
15476,2021,455,gene annotation,,,
15477,2021,497,"",,,
15482,2028,497,"",,,
15495,2032,497,"",,,
15500,2028,497,"",,,
15505,2028,497,"",,,
15510,2028,497,"",,,
15511,2028,455,prediction,,,
15512,2028,455,interpretable model,,,
15513,2028,455,metagenomics biomarkers,,,
15514,2028,455,microbial ecosystems,,,
15515,2028,497,"",,,
15521,2029,497,"",,,
15527,2029,497,"",,,
15540,2032,497,"",,,
15550,2031,497,"",,,
15560,2031,497,"",,,
15567,2032,497,"",,,
15568,2032,455,plant phenotyping,,,
15569,2032,455,image analysis,,,
15570,2032,455,deep learning,,,
15571,2032,455,object detection,,,
15572,2032,455,fruit counting,,,
15573,2032,455,arabidopsis,,,
15574,2032,497,"",,,
15590,2029,455,odorants,,,
15591,2029,455,sensory processing,,,
15592,2029,455,olfactory bulb,,,
15593,2029,455,decision-making,,,
15594,2029,455,local field potential,,,
15595,2029,497,"",,,
15602,2034,497,"",,,
15630,2031,497,"",,,
15634,2035,497,"",,,
15653,2031,497,"",,,
15676,2035,497,"",,,
15687,2036,497,"",,,
15697,2031,497,"",,,
15698,2031,455,lymphoma,,,
15699,2031,455,dlbcl,,,
15700,2031,455,macrophage,,,
15701,2031,455,multiple immunohistochemical staining,,,
15702,2031,455,automated cell counting,,,
15703,2031,455,rof filtering,,,
15704,2031,455,floating threshold,,,
15705,2031,455,rule-based detection,,,
15706,2031,455,image dataset,,,
15707,2031,497,"",,,
15733,2037,497,"",,,
15739,2038,497,"",,,
15761,2035,497,"",,,
15762,2035,455,chinese indigenous pigs,,,
15763,2035,455,european modern pigs,,,
15764,2035,455,introgression,,,
15765,2035,455,phenotype,,,
15766,2035,455,haplotype,,,
15767,2035,497,"",,,
15768,2039,497,"",,,
15769,2039,497,"",,,
15770,2039,497,"",,,
15776,2038,497,"",,,
15777,2039,497,"",,,
15784,2034,497,"",,,
15799,2037,497,"",,,
15815,2037,455,precision agriculture,,,
15816,2037,455,morphological operators,,,
15817,2037,455,feature extraction,,,
15818,2037,455,local binary patterns,,,
15819,2037,455,contour masks,,,
15820,2037,455,plant classification,,,
15821,2037,455,computer vision,,,
15822,2037,497,"",,,
15833,2036,497,"",,,
15837,2036,497,"",,,
15841,2036,497,"",,,
15845,2036,497,"",,,
15849,2036,497,"",,,
15853,2036,497,"",,,
15854,2036,455,alignment,,,
15855,2036,455,next generation sequencing,,,
15856,2036,455,ngs,,,
15857,2036,497,"",,,
15863,2038,497,"",,,
15864,2038,455,efp browser,,,
15865,2038,455,gene atlas,,,
15866,2038,455,transcriptome,,,
15867,2038,455,kalanchoe fedtschenkoi,,,
15868,2038,455,crassulacean acid metabolism,,,
15869,2038,497,"",,,
15877,2034,455,tibetan hulless barley,,,
15878,2034,455,osmotic stress,,,
15879,2034,455,proteomics,,,
15880,2034,455,dia,,,
15881,2034,455,quantification,,,
15882,2034,455,abiotic stress,,,
15883,2034,497,"",,,
